Workbook

Sheet Lisez-moi
A1: Calendrier éditorial pour les réseaux sociaux
A3: À quoi ça sert
A4: Planifier vos publications à l'avance, savoir ce qui est prêt et ne jamais rester sans idée. Une publication par semaine suffit pour commencer : la régularité compte plus que la quantité.
A6: Comment l'utiliser
A7: 1. Onglet « Calendrier » : une ligne par publication. La première ligne est un exemple, remplacez-la.
A8: 2. Remplissez les cellules blanches. Les colonnes grises (jour de la semaine) se calculent toutes seules.
A9: 3. Choisissez la plateforme, le format et le statut dans les listes déroulantes.
A10: 4. Onglet « Synthèse » : le nombre de publications par statut et par plateforme se met à jour automatiquement.
A12: Conseils
A13: Reprenez une même idée sur plusieurs plateformes en adaptant seulement l'accroche.
A14: Gardez une ligne « Idée » dès qu'un sujet vous vient : vous la rédigerez plus tard.
A15: Après publication, notez le lien et ce qui a marché dans la colonne « Notes ».
A17: Modèle gratuit offert par Pa a Pa – heso73.github.io/pa-a-pa

Sheet Calendrier
A1: Calendrier éditorial
A2: Une ligne par publication. Colonnes grises : calcul automatique.
A4: Date de publication | B4: Jour | C4: Plateforme | D4: Sujet / idée | E4: Accroche ou texte | F4: Format | G4: Statut | H4: Lien après publication | I4: Notes
A5: 46328 | B5: =IF(A5="","",CHOOSE(WEEKDAY(A5,2),"Lundi","Mardi","Mercredi","Jeudi","Vendredi","Samedi","Dimanche")) -> Lundi | C5: LinkedIn | D5: Astuce de la semaine : le seuil de rentabilité | E5: Savez-vous combien vous devez vendre pour ne pas perdre d'argent ? Voici le calcul en 2 minutes. (EXEMPLE : à remplacer) | F5: Texte | G5: Idée | I5: Exemple de ligne
B6: =IF(A6="","",CHOOSE(WEEKDAY(A6,2),"Lundi","Mardi","Mercredi","Jeudi","Vendredi","Samedi","Dimanche"))
B7: =IF(A7="","",CHOOSE(WEEKDAY(A7,2),"Lundi","Mardi","Mercredi","Jeudi","Vendredi","Samedi","Dimanche"))
B8: =IF(A8="","",CHOOSE(WEEKDAY(A8,2),"Lundi","Mardi","Mercredi","Jeudi","Vendredi","Samedi","Dimanche"))
B9: =IF(A9="","",CHOOSE(WEEKDAY(A9,2),"Lundi","Mardi","Mercredi","Jeudi","Vendredi","Samedi","Dimanche"))
B10: =IF(A10="","",CHOOSE(WEEKDAY(A10,2),"Lundi","Mardi","Mercredi","Jeudi","Vendredi","Samedi","Dimanche"))
B11: =IF(A11="","",CHOOSE(WEEKDAY(A11,2),"Lundi","Mardi","Mercredi","Jeudi","Vendredi","Samedi","Dimanche"))
B12: =IF(A12="","",CHOOSE(WEEKDAY(A12,2),"Lundi","Mardi","Mercredi","Jeudi","Vendredi","Samedi","Dimanche"))
B13: =IF(A13="","",CHOOSE(WEEKDAY(A13,2),"Lundi","Mardi","Mercredi","Jeudi","Vendredi","Samedi","Dimanche"))
B14: =IF(A14="","",CHOOSE(WEEKDAY(A14,2),"Lundi","Mardi","Mercredi","Jeudi","Vendredi","Samedi","Dimanche"))
B15: =IF(A15="","",CHOOSE(WEEKDAY(A15,2),"Lundi","Mardi","Mercredi","Jeudi","Vendredi","Samedi","Dimanche"))
B16: =IF(A16="","",CHOOSE(WEEKDAY(A16,2),"Lundi","Mardi","Mercredi","Jeudi","Vendredi","Samedi","Dimanche"))
B17: =IF(A17="","",CHOOSE(WEEKDAY(A17,2),"Lundi","Mardi","Mercredi","Jeudi","Vendredi","Samedi","Dimanche"))
... B204: =IF(A204="","",CHOOSE(WEEKDAY(A204,2),"Lundi","Mardi","Mercredi","Jeudi","Vendredi","Samedi","Dimanche"))

Sheet Synthèse
A1: Synthèse par statut
A3: Valeur | B3: Nombre | D3: Plateforme | E3: Nombre
A4: Idée | B4: =COUNTIF(Calendrier!$G$5:$G$204,A4) -> 1 | D4: Facebook | E4: =COUNTIF(Calendrier!$C$5:$C$204,D4) -> 0
A5: Rédigé | B5: =COUNTIF(Calendrier!$G$5:$G$204,A5) -> 0 | D5: Instagram | E5: =COUNTIF(Calendrier!$C$5:$C$204,D5) -> 0
A6: Programmé | B6: =COUNTIF(Calendrier!$G$5:$G$204,A6) -> 0 | D6: TikTok | E6: =COUNTIF(Calendrier!$C$5:$C$204,D6) -> 0
A7: Publié | B7: =COUNTIF(Calendrier!$G$5:$G$204,A7) -> 0 | D7: LinkedIn | E7: =COUNTIF(Calendrier!$C$5:$C$204,D7) -> 1
A8: Total | B8: =SUM(B4:B7) -> 1 | D8: X | E8: =COUNTIF(Calendrier!$C$5:$C$204,D8) -> 0
D9: WhatsApp | E9: =COUNTIF(Calendrier!$C$5:$C$204,D9) -> 0
D10: YouTube | E10: =COUNTIF(Calendrier!$C$5:$C$204,D10) -> 0
D11: Newsletter | E11: =COUNTIF(Calendrier!$C$5:$C$204,D11) -> 0
D12: Autre | E12: =COUNTIF(Calendrier!$C$5:$C$204,D12) -> 0
